{
  "parent": "minecraft:adventure/sleep_in_bed",
  "display": {
    "icon": {
      "item": "farsight_spyglasses:spyglass"
    },
    "title": {
      "translate": "advancement.crucial.get_spyglass"
    },
    "description": {
      "translate": "advancement.crucial.get_spyglass.desc"
    },
    "frame": "task",
    "show_toast": true,
    "announce_to_chat": true,
    "hidden": false
  },
  "criteria": {
    "spyglass": {
      "trigger": "minecraft:inventory_changed",
      "conditions": {
        "items": [
          {
            "item": "farsight_spyglasses:spyglass"
          }
        ]
      }
    }
  }
}