{
  "parent": "minecraft:adventure/voluntary_exile",
  "display": {
    "icon": {
      "item": "quark:backpack"
    },
    "title": {
      "translate": "advancement.crucial.get_backpack"
    },
    "description": {
      "translate": "advancement.crucial.get_backpack.desc"
    },
    "frame": "goal",
    "show_toast": true,
    "announce_to_chat": true,
    "hidden": false
  },
  "criteria": {
    "backpack": {
      "trigger": "minecraft:inventory_changed",
      "conditions": {
        "items": [
          {
            "item": "quark:backpack"
          }
        ]
      }
    }
  }
}