{
  "type": "minecraft:chest",
  "pools": [
    {
      "rolls": {
        "min": 1.0,
        "max": 5.0,
        "type": "minecraft:uniform"
      },
      "entries": [
        {
          "type": "minecraft:item",
          "functions": [
            {
              "function": "minecraft:set_count",
              "count": {
                "min": 1.0,
                "max": 3.0,
                "type": "minecraft:uniform"
              }
            }
          ],
          "name": "environmental:mud_ball"
        },
        {
          "type": "minecraft:item",
          "name": "environmental:slabfish_effigy"
        },
        {
          "type": "minecraft:item",
          "weight": 3,
          "functions": [
            {
              "function": "minecraft:set_count",
              "count": {
                "min": 1.0,
                "max": 8.0,
                "type": "minecraft:uniform"
              }
            }
          ],
          "name": "environmental:terracotta_bricks"
        },
        {
          "type": "minecraft:item",
          "weight": 2,
          "name": "minecraft:terracotta"
        },
        {
          "type": "minecraft:item",
          "name": "minecraft:brown_dye"
        },
        {
          "type": "minecraft:item",
          "name": "environmental:chiseled_terracotta_bricks"
        },
        {
          "type": "minecraft:item",
          "name": "minecraft:emerald"
        }
      ]
    }
  ]
}