{
  "parent": "minecraft:nether/summon_wither",
  "display": {
    "icon": {
      "item": "skinnedlanterns:tiny_potato_lantern_block"
    },
    "title": {
      "translate": "advancement.crucial.get_tater"
    },
    "description": {
      "translate": "advancement.crucial.get_tater.desc"
    },
    "frame": "challenge",
    "show_toast": true,
    "announce_to_chat": true,
    "hidden": true
  },
  "criteria": {
    "tiny_potato_lantern_block": {
      "trigger": "minecraft:inventory_changed",
      "conditions": {
        "items": [
          {
            "item": "skinnedlanterns:tiny_potato_lantern_block"
          }
        ]
      }
    }
  }
}