{
  "bookGuiScale": 0,
  "clickedVisualize": false,
  "bookData": {
    "patchouli:crucialguide": {
      "viewedEntries": [
        "patchouli:intro/welcome",
        "patchouli:intro/discovering_content",
        "patchouli:intro/exploring_content",
        "patchouli:intro/crucial_kit",
        "patchouli:intro/towers",
        "patchouli:intro/new_advancements",
        "patchouli:vanilla_changes/vanilla_tweaks",
        "patchouli:vanilla_changes/game_nerfs",
        "patchouli:vanilla_changes/raids",
        "patchouli:vanilla_changes/big_stone_clusters",
        "patchouli:vanilla_changes/carpeted_stairs",
        "patchouli:gossip/faster_smelting",
        "patchouli:gossip/mob_repelling"
      ],
      "bookmarks": [],
      "history": [
        "patchouli:gossip/mob_repelling",
        "patchouli:gossip/faster_smelting",
        "patchouli:intro/welcome",
        "patchouli:vanilla_changes/carpeted_stairs",
        "patchouli:vanilla_changes/big_stone_clusters",
        "patchouli:vanilla_changes/raids",
        "patchouli:vanilla_changes/game_nerfs",
        "patchouli:vanilla_changes/vanilla_tweaks",
        "patchouli:intro/new_advancements",
        "patchouli:intro/towers",
        "patchouli:intro/crucial_kit",
        "patchouli:intro/exploring_content",
        "patchouli:intro/discovering_content"
      ],
      "completedManualQuests": []
    }
  }
}